"SNP","Chr","Pos","P.value","MAF","nobs","H&B.P.Value","Effect"
"EH23b.chr4_20005812","EH23b.chr4",20005812,4.27418431259142e-08,0.488888888888889,270,0.00045861796301202,-6.60347120454696
"EH23b.chr4_21024688","EH23b.chr4",21024688,3.57209445106898e-08,0.494444444444444,270,0.00045861796301202,-7.79123755987709
"EH23b.chr4_34229722","EH23b.chr4",34229722,4.65241215408194e-09,0.496296296296296,270,7.23070142967159e-05,6.20583469267888
"EH23b.chr4_36256098","EH23b.chr4",36256098,3.71046905066035e-11,0.492592592592593,270,1.1533498314771e-06,10.7248518313238
"EH23b.chr4_43806376","EH23b.chr4",43806376,9.84440941496053e-08,0.494444444444444,270,0.00070615463258037,8.69531843502881
"EH23b.chr4_44070770","EH23b.chr4",44070770,4.91567903485174e-08,0.492592592592593,270,0.00045861796301202,-9.17924444024558
"EH23b.chr4_52582144","EH23b.chr4",52582144,5.19493852542514e-08,0.485185185185185,270,0.00045861796301202,-8.94443019254605
"EH23b.chr4_53476983","EH23b.chr4",53476983,5.40991259410867e-08,0.494444444444444,270,0.00045861796301202,6.65877830153056
"EH23b.chr4_68382150","EH23b.chr4",68382150,5.63532692405517e-24,0.494444444444444,270,5.25499870995068e-19,-12.5775761569202
"EH23b.chr4_71883653","EH23b.chr4",71883653,8.56973656861403e-08,0.47962962962963,270,0.00066594708729985,7.85938018341852
"EH23b.chr7_290913","EH23b.chr7",290913,3.613850083268e-09,0.45,270,6.73990268229648e-05,-3.05456488920611
"EH23b.chrX_12488664","EH23b.chrX",12488664,1.74897548286241e-10,0.431481481481481,270,4.07734281881007e-06,3.6924122436487
"EH23b.chrX_44482355","EH23b.chrX",44482355,6.11338389138491e-19,0.390740740740741,270,2.85039580627767e-14,9.82079985938036
